color	technology	russian_level	russian_importance	priority_area	thematic_area
darkgoldenrod1	клеточные биотехнологии	3.127272727	2.589285714	Биотехнологии	Группа 1, Научно-методическая база исследований в области биотехнологий
darkgoldenrod1	геномные и постгеномные технологии	3.019230769	2.607142857	Биотехнологии	Группа 1, Научно-методическая база исследований в области биотехнологий
darkgoldenrod1	синтетическая биология	2.54	1.98	Биотехнологии	Группа 1, Научно-методическая база исследований в области биотехнологий
darkgoldenrod1	биосинтетические и биокаталитические технологии	3.018867925	2.660377358	Биотехнологии	Группа 1, Научно-методическая база исследований в области биотехнологий
darkgoldenrod1	методы генетической паспортизации сортов и сертификации семенного и посадочного материалов	2.47826087	2.395348837	Биотехнологии	Группа 2, Сельскохозяйственные биотехнологии
darkgoldenrod1	усовершенствование племенной работы путем использования методов генетической селекции сельскохозяйственных животных	2.711111111	1.952380952	Биотехнологии	Группа 2, Сельскохозяйственные биотехнологии
darkgoldenrod1	создание баз данных, содержащих информацию о геноме пород сельскохозяйственных животных, для внедрения в племенную работу технологий клонирования и генетической паспортизации	2.355555556	1.853658537	Биотехнологии	Группа 2, Сельскохозяйственные биотехнологии
darkgoldenrod1	технологии создания инновационных лекарственных средств и кандидатные вакцины перорального применения для животных	2.837209302	2.260869565	Биотехнологии	Группа 2, Сельскохозяйственные биотехнологии
darkgoldenrod1	новые молекулярно-генетические методы диагностики патогенов растений и животных, биологические средства борьбы с патогенами	2.847826087	2.714285714	Биотехнологии	Группа 2, Сельскохозяйственные биотехнологии
darkgoldenrod1	технологии создания новых высокопродуктивных, устойчивых к патогенам и неблагоприятным условиям окружающей среды сортов гибридов сельскохозяйственных растений, с использованием биотехнологий	3	2.355555556	Биотехнологии	Группа 2, Сельскохозяйственные биотехнологии
darkgoldenrod1	технологии создания штаммов микроорганизмов и микробных консорциумов для создания симбиотических растительно-микробных сообществ, обеспечивающих питание растений минеральными веществами и их защиту от патогенов	2.4	2.617021277	Биотехнологии	Группа 2, Сельскохозяйственные биотехнологии
darkgoldenrod1	биотехнологические процессы получения биопродуктов промышленного и медицинского назначения в растениях	2.738095238	2.318181818	Биотехнологии	Группа 2, Сельскохозяйственные биотехнологии
darkgoldenrod1	новые технологии получения, выделения и очистки биопродуктов	2.840909091	2.531914894	Биотехнологии	Группа 3, Промышленные биотехнологии
darkgoldenrod1	новые технологии получения биоматериалов и продуктов тонкого и основного органического синтеза из возобновляемого сырья	2.840909091	2.446808511	Биотехнологии	Группа 3, Промышленные биотехнологии
darkgoldenrod1	технологии развития ресурсной базы промышленной биотехнологии	2.775	2.023255814	Биотехнологии	Группа 3, Промышленные биотехнологии
darkgoldenrod1	биогеотехнологии	2.657894737	2.43902439	Биотехнологии	Группа 3, Промышленные биотехнологии
darkgoldenrod1	биосинтетические процессы получения биологически активных соединений	2.813953488	2.652173913	Биотехнологии	Группа 3, Промышленные биотехнологии
darkgoldenrod1	новые технологии получения ферментов и их использования в биокаталитических процессах	2.790697674	2.875	Биотехнологии	Группа 3, Промышленные биотехнологии
darkgoldenrod1	технологии создания экологически безопасных биоцидов для защиты технических объектов от организмов-деструкторов	2.405405405	2.333333333	Биотехнологии	Группа 4, Экологические биотехнологии
darkgoldenrod1	новые методики очистки вод, грунтов и воздуха с использованием эффективных организмов-биоремедиаторов	2.55	2.714285714	Биотехнологии	Группа 4, Экологические биотехнологии
darkgoldenrod1	новые верифицированные методики биотестирования и биоиндикации с повышенной чувствительностью и селективностью для определения загрязнений в окружающей среде, штаммы организмов-биосенсоров	2.358974359	2.853658537	Биотехнологии	Группа 4, Экологические биотехнологии
darkgoldenrod1	технологии пищевого белка	2.538461538	2.641025641	Биотехнологии	Группа 5, Пищевые биотехнологии
darkgoldenrod1	технологии обеспечения безопасности пищевых продуктов	3.025641026	2.87804878	Биотехнологии	Группа 5, Пищевые биотехнологии
darkgoldenrod1	биотехнологические подходы к производству пробиотиков, пребиотиков, синбиотиков, заквасок и пищевых ингредиентов	2.731707317	3.139534884	Биотехнологии	Группа 5, Пищевые биотехнологии
darkgoldenrod1	биотехнологии получения функциональных и специализированных пищевых продуктов	2.404761905	2.681818182	Биотехнологии	Группа 5, Пищевые биотехнологии
darkgoldenrod1	технологии переработки пищевого сырья и отходов	2.972972973	2.35	Биотехнологии	Группа 5, Пищевые биотехнологии
darkgoldenrod1	технологии создания микробиологических средств защиты леса от вредителей и патогенов	2.743589744	2.475	Биотехнологии	Группа 6, Лесные биотехнологии
darkgoldenrod1	технологии создания новых сортов древесных растений с улучшенными характеристиками (структурой древесины, устойчивостью к фитопатогенам, скоростью роста и др.) с использованием биотехнологий	2.6	2.146341463	Биотехнологии	Группа 6, Лесные биотехнологии
darkgoldenrod1	перспективные биотехнологические процессы комплексной переработки древесной биомассы и ее отдельных компонентов	2.846153846	2.139534884	Биотехнологии	Группа 6, Лесные биотехнологии
darkgoldenrod1	методы молекулярной селекции гидробионтов для получения высокопродуктивных объектов аквакультуры	2.297297297	2.135135135	Биотехнологии	Группа 7, Аквабиокультура
darkgoldenrod1	методы культивирования клеточных линий морских организмов и микробных симбионтов - продуцентов биологически активных соединений	2.324324324	2.162162162	Биотехнологии	Группа 7, Аквабиокультура
darkgoldenrod1	методы культивирования ценных пород рыб	2.966666667	3.066666667	Биотехнологии	Группа 7, Аквабиокультура
darkgoldenrod1	идентификация новых практически ценных биомолекул гидробионтов	2.435897436	2.512820513	Биотехнологии	Группа 7, Аквабиокультура
deepskyblue1	Распределенные вычисления: метакомпьютинг, сетевые вычислительные сервисы и технологии облачных вычислений, технологии blockchain	2.75	2.593220339	ИКТ	Группа 1, Высокопроизводительные вычислительные архитектуры и системы
deepskyblue1	Организация хранения данных: методы сопряжения хранилищ с вычислителем, совмещение хранения с частичной обработкой, в том числе на базе голографической, ассоциативной, мемристорной памяти и др.	2.740740741	2.301886792	ИКТ	Группа 1, Высокопроизводительные вычислительные архитектуры и системы
deepskyblue1	Организация вычислительных процессов: вычисления, управляемые потоками данных (dataflow computations), биовычисления, оптические процессоры и системы	2.769230769	2.326923077	ИКТ	Группа 1, Высокопроизводительные вычислительные архитектуры и системы
deepskyblue1	Технологии квантовых вычислителей	2.851851852	2.277777778	ИКТ	Группа 1, Высокопроизводительные вычислительные архитектуры и системы
deepskyblue1	Платформы по созданию и запуску облачных веб-сервисов, предоставляющих высокоуровневые инфраструктурные услуги, в т.ч, среды разработки, базы данных, распределённые хранилища данных, виртуальные вычислительные мощности и др.	2.762711864	2.672413793	ИКТ	Группа 1, Высокопроизводительные вычислительные архитектуры и системы
deepskyblue1	Самоорганизация в компьютерных сетях 	2.547169811	2.245283019	ИКТ	Группа 2, Технологии и коммуникационные инфраструктуры высокоскоростной передачи данных
deepskyblue1	Технологии создания квантовых систем связи и каналов передачи данных	2.849056604	2.185185185	ИКТ	Группа 2, Технологии и коммуникационные инфраструктуры высокоскоростной передачи данных
deepskyblue1	Сбор, обработка, анализ и хранение сверхбольших объемов (big data) информации, потоковая аналитика	2.969230769	2.75	ИКТ	Группа 3, Технологии анализа и обработки данных, искусственного интеллекта
deepskyblue1	Машинное обучение (machine learning)	2.716666667	2.559322034	ИКТ	Группа 3, Технологии анализа и обработки данных, искусственного интеллекта
deepskyblue1	Обработка естественного языка, формализация и извлечение знаний из неструктурированной и слабоструктурированной информации	3.033333333	2.830508475	ИКТ	Группа 3, Технологии анализа и обработки данных, искусственного интеллекта
deepskyblue1	Глубинное обучение (deep learning), распознавание речи, изображений и образов (speech & image recognition), поиск на основе голоса и изображений	2.868852459	2.704918033	ИКТ	Группа 3, Технологии анализа и обработки данных, искусственного интеллекта
deepskyblue1	Мультиагентные технологии, технологии роевого интеллекта	2.705882353	2.269230769	ИКТ	Группа 3, Технологии анализа и обработки данных, искусственного интеллекта
deepskyblue1	Технологии создания нейроинтерфейсов	2.647058824	2.192307692	ИКТ	Группа 4, Технологии человеко-машинного взаимодействия, нейро- и когнитивные технологии
deepskyblue1	Новые человеко-машинные интерфейсы, включая использование жестов, зрения, голоса для взаимодействия с компьютерными и робототехническими системами	2.736842105	2.410714286	ИКТ	Группа 4, Технологии человеко-машинного взаимодействия, нейро- и когнитивные технологии
deepskyblue1	Технологии дополненной реальности	2.508474576	2.474576271	ИКТ	Группа 4, Технологии человеко-машинного взаимодействия, нейро- и когнитивные технологии
deepskyblue1	Моделирование, картирование и расшифровка зон мозга	2.767857143	2.49122807	ИКТ	Группа 4, Технологии человеко-машинного взаимодействия, нейро- и когнитивные технологии
deepskyblue1	Исследование моделей принятия решений и управления в биологических структурах	2.698113208	2.245283019	ИКТ	Группа 4, Технологии человеко-машинного взаимодействия, нейро- и когнитивные технологии
deepskyblue1	Моделирование информационно-когнитивных процессов в сетевых структурах биологических нейронов	2.547169811	2.222222222	ИКТ	Группа 4, Технологии человеко-машинного взаимодействия, нейро- и когнитивные технологии
deepskyblue1	Инфраструктуры для сбора и анализа сверхбольших потоков данных киберфизических систем	2.833333333	2.092592593	ИКТ	Группа 5, Технологии создания интеллектуальных систем управления и умных инфраструктур, технологии межмашинного взаимодействия и Интернета вещей
deepskyblue1	Энергоэффективные технологии создания умных инфраструктур и Интернета вещей	2.614035088	2.446428571	ИКТ	Группа 5, Технологии создания интеллектуальных систем управления и умных инфраструктур, технологии межмашинного взаимодействия и Интернета вещей
deepskyblue1	Элементная база на основе новых материалов и новых физических принципов	3.163636364	2.036363636	ИКТ	Группа 6, Технологии новой элементной базы, электронных устройств, квантовые технологии
deepskyblue1	Сопряжение традиционной микроэлектроники с альтернативными методами хранения и передачи информации	3.074074074	1.981481481	ИКТ	Группа 6, Технологии новой элементной базы, электронных устройств, квантовые технологии
deepskyblue1	Проектирование гетерогенных интегральных схем с микромеханическими, оптоэлектронными, магниточувствительными сложно-функциональными блоками	3.094339623	2.037735849	ИКТ	Группа 6, Технологии новой элементной базы, электронных устройств, квантовые технологии
deepskyblue1	Технологии квантовой криптографии, создание на их основе защищенных линий связи и аппаратной базы для таких линий	3	2.283018868	ИКТ	Группа 7, Технологии информационной безопасности
deepskyblue1	Анализ мультимодальных биометрических данных, в т.ч, в целях их использования в новых областях (социальные сети, геолокация и др.)	2.777777778	2.490909091	ИКТ	Группа 7, Технологии информационной безопасности
deepskyblue1	Защита персональных данных (user-centric privacy) в больших информационных массивах	2.912280702	2.844827586	ИКТ	Группа 7, Технологии информационной безопасности
deepskyblue1	Управление личностной информацией (identity management), аутентификация и разграничение доступа на базе глобальных систем идентификации	3	2.49122807	ИКТ	Группа 7, Технологии информационной безопасности
deepskyblue1	Новые технологии бизнес-аналитики: self-service BI, pervasive BI, in-memory analytics, mobile BI, search-based BI	2.545454545	2.240740741	ИКТ	Группа 3, Технологии анализа и обработки данных, искусственного интеллекта
darkseagreen4	Технологии создания малоразмерных космических аппаратов 	2.458333333	2.52173913	Космос	0
darkseagreen4	Технологии создания многоразовых и частично многоразовых средств выведения, космических транспортных средств	2.409090909	2.238095238	Космос	0
darkseagreen4	Технологии создания статических и динамических космических тросовых систем большой протяженности («космического лифта»)	1.764705882	2.411764706	Космос	0
darkseagreen4	Технологии создания энергодвигательных установок на основе ядерных технологий	2.619047619	3.380952381	Космос	0
darkseagreen4	Технологии создания энергодвигательных установок на основе фотоэлектрического преобразования	2.368421053	2.833333333	Космос	0
darkseagreen4	Технологии создания электроракетных двигательных установок высокой эффективности (в т.ч, ионные, плазменные)	2.681818182	3.333333333	Космос	0
darkseagreen4	Технологии создания двигательных установок на новых физических принципах	2.3	2.315789474	Космос	0
darkseagreen4	Технологии беспроводной передачи энергии на космические средства	2.333333333	2.35	Космос	0
darkseagreen4	Новые материалы и технологии для изготовления головных обтекателей и других отделяющихся частей космических аппаратов с целью исключения необходимости отведения для них районов падения	2.142857143	2.75	Космос	0
darkseagreen4	Технологии управления движением отделяемых частей ракет-носителей, обеспечивающих их высокоточное наведение, с использованием элементов искусственного интеллекта	2.263157895	2.842105263	Космос	0
darkseagreen4	Кластерные технологии для проведения фундаментальных исследований	2.421052632	2.526315789	Космос	0
darkseagreen4	Технологии непрерывного контроля и управления космическими группировками в режиме реального времени	2.75	3.157894737	Космос	0
darkseagreen4	Технологии создания бортовых систем искусственного интеллекта	2.476190476	2.285714286	Космос	0
darkseagreen4	Технологии создания крупногабаритных конструкций в космосе, в т.ч, с помощью роботов-манипуляторов	2.4	2.6	Космос	0
darkseagreen4	Технологии роботизированного обслуживания и диагностики космических аппаратов и крупногабаритных конструкций в космосе 	2.454545455	2.571428571	Космос	0
darkseagreen4	Технологии роботизированной и транспортной поддержки деятельности космонавта на поверхности Луны	2.210526316	2.55	Космос	0
darkseagreen4	Технологии обеспечения старта в условиях поверхности Луны	2.210526316	2.894736842	Космос	0
darkseagreen4	Технологии и системы автономной диагностики и коррекции здоровья космонавтов	2.5	3.235294118	Космос	0
darkseagreen4	Технологии виртуальной и «дополненной» реальности для моделирования и планирования космических миссий и операций, в т.ч, роботизированных	2.176470588	2.294117647	Космос	0
darkseagreen4	Технологии автономной навигации и самолокализации напланетных мобильных роботов на базе систем технического зрения	2.222222222	2.611111111	Космос	0
firebrick1	Дизайн, скрининг и синтез новых (био)фармацевтических субстанций	3.25	2.416666667	Медицина	Группа 1, Перспективные лекарственные кандидаты
firebrick1	Инженерия белков с заданными свойствами	3.136363636	2.590909091	Медицина	Группа 1, Перспективные лекарственные кандидаты
firebrick1	Создание генно-инженерных вакцин	3.136363636	2.954545455	Медицина	Группа 1, Перспективные лекарственные кандидаты
firebrick1	Преодоление лекарственной устойчивости микроорганизмов	3.347826087	2.652173913	Медицина	Группа 1, Перспективные лекарственные кандидаты
firebrick1	Создание терапевтических штаммов микроорганизмов	2.75	2.761904762	Медицина	Группа 1, Перспективные лекарственные кандидаты
firebrick1	Доставка и контролируемое высвобождение лекарственных средств	2.961538462	2.653846154	Медицина	Группа 1, Перспективные лекарственные кандидаты
firebrick1	Экспериментальное моделирование на живых объектах	2.739130435	2.956521739	Медицина	Группа 1, Перспективные лекарственные кандидаты
firebrick1	Экспериментальное моделирование с применением микрофлюидных чипов (технологии -on-a-chip)	2.571428571	2.285714286	Медицина	Группа 1, Перспективные лекарственные кандидаты
firebrick1	Геномное, транскриптомное и протеомное профилирование единичных клеток	2.818181818	2.636363636	Медицина	Группа 2, Молекулярное профилирование и диагностика
firebrick1	Детекция нано- и низкомолекулярных соединений в жидких средах организма	2.695652174	3.043478261	Медицина	Группа 2, Молекулярное профилирование и диагностика
firebrick1	Обнаружение соединений биологической природы в окружающей среде	2.523809524	2.857142857	Медицина	Группа 2, Молекулярное профилирование и диагностика
firebrick1	Технологии визуализации единичных биомолекул (single-molecule imaging)	2.391304348	2.434782609	Медицина	Группа 2, Молекулярное профилирование и диагностика
firebrick1	Технологии микросистем полного анализа (технологии lab-on-chip)	2.684210526	2.526315789	Медицина	Группа 2, Молекулярное профилирование и диагностика
firebrick1	Получение, обогащение, культивирование клеток человека и субклеточных структур	2.916666667	2.875	Медицина	Группа 3, Клеточные технологии и тканевая инженерия
firebrick1	Оценка безопасности терапевтических продуктов, содержащих живые клетки	2.863636364	2.818181818	Медицина	Группа 3, Клеточные технологии и тканевая инженерия
firebrick1	Технологии редактирования генома и эпигенома	3.1	2.55	Медицина	Группа 3, Клеточные технологии и тканевая инженерия
firebrick1	Визуализация единичных клеток (single-cell imaging)	2.523809524	2.80952381	Медицина	Группа 3, Клеточные технологии и тканевая инженерия
firebrick1	Биофабрикация, биопринтинг тканей и органов	2.772727273	2.636363636	Медицина	Группа 3, Клеточные технологии и тканевая инженерия
firebrick1	Девитализации и децеллюляризации тканей и органов 	2.333333333	2.666666667	Медицина	Группа 3, Клеточные технологии и тканевая инженерия
firebrick1	Инъекционная биоинженерия	2.368421053	2.631578947	Медицина	Группа 3, Клеточные технологии и тканевая инженерия
firebrick1	Новые материалы и покрытия биологического происхождения	2.782608696	2.625	Медицина	Группа 3, Клеточные технологии и тканевая инженерия
firebrick1	Биосенсоры (на основе биомолекул, клеточные, биомиметики)	2.826086957	2.652173913	Медицина	Группа 4, Мониторинг и контроль функций органов и систем
firebrick1	Биоимиджинг биологических процессов	2.636363636	2.454545455	Медицина	Группа 4, Мониторинг и контроль функций органов и систем
firebrick1	Мониторирование функций органов и систем в повседневных условиях	2.913043478	2.782608696	Медицина	Группа 4, Мониторинг и контроль функций органов и систем
firebrick1	Прямая стимуляция функций органов и систем с применением имплантируемых изделий	2.666666667	2.375	Медицина	Группа 4, Мониторинг и контроль функций органов и систем
firebrick1	Разработка имплантируемых дозирующих микроустройств	2.913043478	2.47826087	Медицина	Группа 4, Мониторинг и контроль функций органов и систем
firebrick1	Коррекция функций органов и систем из внешних устройств	2.727272727	2.636363636	Медицина	Группа 4, Мониторинг и контроль функций органов и систем
firebrick1	Разработка портативных систем экстракорпорального жизнеобеспечения	2.826086957	2.52173913	Медицина	Группа 4, Мониторинг и контроль функций органов и систем
firebrick1	Хранение и интеллектуальный анализ (био)медицинских данных	2.68	3.2	Медицина	Группа 5, Информационные технологии (био)медицинского назначения
firebrick1	Моделирование сложных биологических процессов	2.615384615	2.807692308	Медицина	Группа 5, Информационные технологии (био)медицинского назначения
firebrick1	Создание комплексных информационных систем в сфере охраны здоровья населения	2.653846154	3	Медицина	Группа 5, Информационные технологии (био)медицинского назначения
firebrick1	Управление медицинскими изделиями и лабораторными системами	2.590909091	2.545454545	Медицина	Группа 5, Информационные технологии (био)медицинского назначения
firebrick1	Мониторинг нейрональной активности и нейровизуализация	2.695652174	2.608695652	Медицина	Группа 6, Нейротехнологии
firebrick1	Нейрональная стимуляция	2.608695652	2.608695652	Медицина	Группа 6, Нейротехнологии
firebrick1	Нейроинтерфейсы	2.608695652	2.739130435	Медицина	Группа 6, Нейротехнологии
firebrick1	Синтез ДНК и синтетическая геномика	2.789473684	2.65	Медицина	Группа 7, Синтетическая биология
firebrick1	Метаболическая инженерия	2.777777778	2.444444444	Медицина	Группа 7, Синтетическая биология
firebrick1	Ортогональные биосистемы и синтез ксенобиомолекул 	2.444444444	2.388888889	Медицина	Группа 7, Синтетическая биология
firebrick1	Синтез субклеточных структур, протоклеток, живых клеток	2.684210526	2.210526316	Медицина	Группа 7, Синтетическая биология
firebrick1	Синтетические биологические системы	2.526315789	2.166666667	Медицина	Группа 7, Синтетическая биология
mediumorchid1	Технологии создания высокопрочных и высокомодульных композиционных материалов с высоким сопротивлением статическим и динамическим нагрузкам	3.088235294	2.694444444	Нанотехнологии	Группа 1, Конструкционные материалы
mediumorchid1	Технологии создания полиматричных композиционных материалов, армированных наноразмерными наполнителями	2.53125	2.5	Нанотехнологии	Группа 1, Конструкционные материалы
mediumorchid1	Технологии создания трещиностойких слоистых металлополимерных материалов и металлостеклопластиков, в том числе армированных	2.84375	2.588235294	Нанотехнологии	Группа 1, Конструкционные материалы
mediumorchid1	Технологии создания антифрикционных материалов, модифицированных наноструктурами	2.6875	2.676470588	Нанотехнологии	Группа 1, Конструкционные материалы
mediumorchid1	Технологии создания сверхлегких ударостойких композиционных материалов	2.916666667	2.583333333	Нанотехнологии	Группа 1, Конструкционные материалы
mediumorchid1	Технологии создания материалов для защиты от ударных и вибрационных воздействий	2.64516129	2.677419355	Нанотехнологии	Группа 1, Конструкционные материалы
mediumorchid1	Технологии создания термостойких и ударостойких связующих и уплотнительных материалов	2.793103448	2.625	Нанотехнологии	Группа 1, Конструкционные материалы
mediumorchid1	Технологии создания материалов, обладающих повышенной коррозионной стойкостью	2.787878788	2.861111111	Нанотехнологии	Группа 1, Конструкционные материалы
mediumorchid1	Технологии создания термостабильных (до 1700–2500 °С) материалов	2.9	2.787878788	Нанотехнологии	Группа 1, Конструкционные материалы
mediumorchid1	Технологии создания сверхлегких материалов	2.870967742	2.470588235	Нанотехнологии	Группа 1, Конструкционные материалы
mediumorchid1	Технологии создания теплозащитных материалов	2.766666667	3	Нанотехнологии	Группа 1, Конструкционные материалы
mediumorchid1	Технологии создания радиационностойких материалов	2.875	3.15625	Нанотехнологии	Группа 1, Конструкционные материалы
mediumorchid1	Технологии создания материалов c адаптацией к внешним воздействиям	2.516129032	1.794117647	Нанотехнологии	Группа 1, Конструкционные материалы
mediumorchid1	Технологии создания материалов, обладающих памятью формы	2.666666667	2.444444444	Нанотехнологии	Группа 1, Конструкционные материалы
mediumorchid1	Технологии создания материалов, обладающих функциями «самозалечивания»	2.823529412	1.918918919	Нанотехнологии	Группа 1, Конструкционные материалы
mediumorchid1	Технологии создания наноматериалов для миниатюрных высокочувствительных хемосенсоров с высокой селективностью	2.65625	2.228571429	Нанотехнологии	Группа 2, Функциональные материалы
mediumorchid1	Технологии создания сенсорных материалов с фрагментами биологических структур, биосенсоров, биочипов и гибридных датчиков на их основе, нейробиоинтерфейсов	2.885714286	1.815789474	Нанотехнологии	Группа 2, Функциональные материалы
mediumorchid1	Технологии создания углеродных структур для наноэлектроники	2.868421053	2.56097561	Нанотехнологии	Группа 2, Функциональные материалы
mediumorchid1	Технологии создания органических высокомолекулярных электропроводящих полимеров, в том числе со смешанной (электронно-ионной) проводимостью	2.647058824	2.108108108	Нанотехнологии	Группа 2, Функциональные материалы
mediumorchid1	Технологии создания сверхпроводящих материалов, в том числе высокотемпературных	2.647058824	2.648648649	Нанотехнологии	Группа 2, Функциональные материалы
mediumorchid1	Технологии создания наноматериалов для нового поколения электрохимических источников тока	2.909090909	2.388888889	Нанотехнологии	Группа 2, Функциональные материалы
mediumorchid1	Технологии создания функциональных нанокристаллических покрытий со специальными электрическими свойствами	2.5625	2.25	Нанотехнологии	Группа 2, Функциональные материалы
mediumorchid1	Технологии создания материалов для защиты от акустических и электрических воздействий, снижения уровня видимости в оптическом и радиодиапазонах	3	2.805555556	Нанотехнологии	Группа 2, Функциональные материалы
mediumorchid1	Технологии создания магнитных наноструктур, в том числе молекулярных и магнитных наноматериалов	2.545454545	2.555555556	Нанотехнологии	Группа 2, Функциональные материалы
mediumorchid1	Технологии создания магнитно-активируемых, магнитоуправляемых материалов и магнитореологических жидкостей	2.366666667	2.433333333	Нанотехнологии	Группа 2, Функциональные материалы
mediumorchid1	Технологии создания катализаторов для процессов переработки углеводородного сырья и повышения качества производимых моторных топлив	3.058823529	2.945945946	Нанотехнологии	Группа 2, Функциональные материалы
mediumorchid1	Технологии создания каталитических процессов конверсии природного, попутных газов возобновляемого сырья (биогаза и биомассы) в жидкое топливо, водород и ценные органические продукты	3	2.8	Нанотехнологии	Группа 2, Функциональные материалы
mediumorchid1	Технологии создания материалов для органических светодиодов, гибких солнечных батарей, дисплеев и световых накопителей	2.625	2.676470588	Нанотехнологии	Группа 2, Функциональные материалы
mediumorchid1	Технологии создания светоизлучающих наноструктур, в том числе квантовых, для лазеров и люминесцирующих устройств	3	2.925	Нанотехнологии	Группа 2, Функциональные материалы
mediumorchid1	Технологии создания наноструктурированных оптических волокон и световодов, в том числе брэгговских решеток, фотонных структур	2.909090909	2.805555556	Нанотехнологии	Группа 2, Функциональные материалы
mediumorchid1	Технологии создания наноструктурированных жидкокристаллических материалов	2.366666667	2.545454545	Нанотехнологии	Группа 2, Функциональные материалы
mediumorchid1	Технологии создания покрытий, изменяющих светопоглощение, электропроводность под внешним воздействием	2.625	2.314285714	Нанотехнологии	Группа 2, Функциональные материалы
mediumorchid1	Технологии создания мембранных материалов для мембранных реакторов и процессов мембранного катализа для производства ценных химических продуктов	2.517241379	2.53125	Нанотехнологии	Группа 2, Функциональные материалы
mediumorchid1	Технологии создания наноструктурированных мембран с улучшенными транспортными свойствами и устройств на их основе для очистки и разделения газовых и жидких сред	2.666666667	2.638888889	Нанотехнологии	Группа 2, Функциональные материалы
mediumorchid1	Технологии создания наноматериалов на основе гибридных мембран и биметаллических катализаторов для топливных элементов	2.642857143	2.46875	Нанотехнологии	Группа 2, Функциональные материалы
mediumorchid1	Принципы, методы и технологии создания синтетических (искусственных) биологических и биоподобных структур, устройств и систем (белков, белковых комплексов, искусственной клетки, «лечащего» вируса)	2.655172414	1.78125	Нанотехнологии	Группа 3, Гибридные материалы, конвергентные технологии, биомиметические материалы и материалы медицинского назначения
mediumorchid1	Технологии создания нейробиоинтерфейсов, биоподобных и антропоморфных технических устройств и систем, в том числе робототехнических	2.586206897	1.71875	Нанотехнологии	Группа 3, Гибридные материалы, конвергентные технологии, биомиметические материалы и материалы медицинского назначения
mediumorchid1	Технологии создания материалов для устройств и технологий стимуляции центральной нервной системы	2.592592593	1.7	Нанотехнологии	Группа 3, Гибридные материалы, конвергентные технологии, биомиметические материалы и материалы медицинского назначения
mediumorchid1	Технологии создания материалов с особыми функциональными свойствами для систем инвазивной и неинвазивной диагностики	2.709677419	2.088235294	Нанотехнологии	Группа 3, Гибридные материалы, конвергентные технологии, биомиметические материалы и материалы медицинского назначения
mediumorchid1	Технологии создания биорезорбируемых материалов для костных и зубных имплантов	2.64516129	2.294117647	Нанотехнологии	Группа 3, Гибридные материалы, конвергентные технологии, биомиметические материалы и материалы медицинского назначения
mediumorchid1	Технологии создания имплантируемых биодеградируемых и трансдермальных систем с контролируемым высвобождением лекарственных веществ	2.696969697	2	Нанотехнологии	Группа 3, Гибридные материалы, конвергентные технологии, биомиметические материалы и материалы медицинского назначения
mediumorchid1	Технологии создания материалов для нанокапсулирования и адресной доставки лекарств, активных веществ и генетического материала	2.78125	2.342857143	Нанотехнологии	Группа 3, Гибридные материалы, конвергентные технологии, биомиметические материалы и материалы медицинского назначения
mediumorchid1	Технологии создания систем с высокой адгезией к различным субстратам, в том числе биологическим, для использования в качестве защитных покрытий, упаковок, повязок на раны и ожоги, систем доставки лекарственных веществ и др.	2.75	2.5	Нанотехнологии	Группа 3, Гибридные материалы, конвергентные технологии, биомиметические материалы и материалы медицинского назначения
mediumorchid1	Моделирование структуры и свойств материалов как функции их состава и организации с выходом на функциональные и конструкционные свойства материалов	2.828571429	2.973684211	Нанотехнологии	Группа 4, Компьютерное моделирование материалов и процессов
mediumorchid1	Моделирование процессов роста, агрегации, самосборки и самоорганизации наноматериалов и супрамолекулярных систем	2.5	2.666666667	Нанотехнологии	Группа 4, Компьютерное моделирование материалов и процессов
mediumorchid1	Моделирование процессов химического осаждения тонких пленок и покрытий из газовой и жидкой фаз	2.542857143	3.026315789	Нанотехнологии	Группа 4, Компьютерное моделирование материалов и процессов
mediumorchid1	Моделирование процессов переноса в нанопористых материалах и мембранах	2.366666667	2.848484848	Нанотехнологии	Группа 4, Компьютерное моделирование материалов и процессов
mediumorchid1	Моделирование процессов переноса заряда и энергии в наноструктурированных материалах	2.612903226	2.823529412	Нанотехнологии	Группа 4, Компьютерное моделирование материалов и процессов
mediumorchid1	Моделирование рецепторных систем, молекул и препаратов, обладающих биологической активностью	2.448275862	2.4375	Нанотехнологии	Группа 4, Компьютерное моделирование материалов и процессов
mediumorchid1	Моделирование интеллектуальных материалов для «умных» конструкций	2.5625	2.285714286	Нанотехнологии	Группа 4, Компьютерное моделирование материалов и процессов
mediumorchid1	Моделирование новых материалов искусственного и синтетического происхождения, воспроизводящих отдельные функции биологических объектов	2.648648649	2.275	Нанотехнологии	Группа 4, Компьютерное моделирование материалов и процессов
mediumorchid1	Технологии, основанные на принципах взаимодействия физических полей с материалом, обеспечивающие высокую информативность и достоверность результатов исследования объектов	2.714285714	2.888888889	Нанотехнологии	Группа 5, Диагностика материалов
mediumorchid1	Неразрушающие методы исследования материалов и процессов в режимах in situ и operando (синтез, включая процессы самосборки; модификация и перестройка наночастиц; деградация; химические процессы, протекающие с участием наночастиц и др.)	2.638888889	2.615384615	Нанотехнологии	Группа 5, Диагностика материалов
mediumorchid1	Методы визуализации нанообъектов (атомно-силовая, сканирующая и просвечивающая электронная микроскопия)	2.804347826	2.959183673	Нанотехнологии	Группа 5, Диагностика материалов
mediumorchid1	Методы исследования поверхности наночастиц и наноматериалов (дифракция быстрых и медленных электронов, рентгеновская фотоэлектронная, оже-спектроскопия)	2.744186047	2.804347826	Нанотехнологии	Группа 5, Диагностика материалов
mediumorchid1	Специальные методы локального определения химического состава материалов, включая наноматериалы	2.666666667	2.5	Нанотехнологии	Группа 5, Диагностика материалов
mediumorchid1	Новые методы синхротронно-нейтронной диагностики неорганических, органических, гибридных и биоподобных материалов и структур	2.583333333	2.641025641	Нанотехнологии	Группа 5, Диагностика материалов
mediumorchid1	Принципы, методы и технологии создания гибридных материалов	2.75	1.838709677	Нанотехнологии	Группа 3, Гибридные материалы, конвергентные технологии, биомиметические материалы и материалы медицинского назначения
mediumorchid4	Аддитивные и гибридные технологии (объединение субтрактивных и аддитивных технологий)	3.44	2.68	ППТ	Группа 1, Цифровые технологии и цифровое производство
mediumorchid4	Бионический дизайн	3.05	2.65	ППТ	Группа 1, Цифровые технологии и цифровое производство
mediumorchid4	Индустриальный Интернет	2.75	2.35	ППТ	Группа 1, Цифровые технологии и цифровое производство
mediumorchid4	Технологии автоматизированного управления технологическими процессами (Industrial Control System, ICS)	3.086956522	2.739130435	ППТ	Группа 1, Цифровые технологии и цифровое производство
mediumorchid4	Технологии высокопроизводительных вычислений (High Performance Computing, HPC)	3.047619048	3	ППТ	Группа 1, Цифровые технологии и цифровое производство
mediumorchid4	Технологии компьютерного инжиниринга (Computer-Aided Engineering, CAE)	3.347826087	2.739130435	ППТ	Группа 1, Цифровые технологии и цифровое производство
mediumorchid4	Технологии компьютерного проектирования (Computer-Aided Design, CAD)	3.434782609	3.130434783	ППТ	Группа 1, Цифровые технологии и цифровое производство
mediumorchid4	Технологии оперативного управления производственными процессами на уровне цеха (Manufacturing Execution System, MES)	2.857142857	2.571428571	ППТ	Группа 1, Цифровые технологии и цифровое производство
mediumorchid4	Технологии оптимизации (Computer-Aided Optimization, CAO)	2.956521739	2.608695652	ППТ	Группа 1, Цифровые технологии и цифровое производство
mediumorchid4	Технологии сбора, хранения, управления и анализа больших данных (Big Data)	3.238095238	2.772727273	ППТ	Группа 1, Цифровые технологии и цифровое производство
mediumorchid4	Технологии управления жизненным циклом (Product Lifecycle Management, PLM)	2.952380952	2.681818182	ППТ	Группа 1, Цифровые технологии и цифровое производство
mediumorchid4	Мультиагентные технологии, технологии роевого интеллекта	2.4	2.4	ППТ	Группа 1, Цифровые технологии и цифровое производство
mediumorchid4	Сенсорные технологии	2.681818182	2.681818182	ППТ	Группа 1, Цифровые технологии и цифровое производство
mediumorchid4	Технологии дополненной реальности	2.35	2.45	ППТ	Группа 1, Цифровые технологии и цифровое производство
mediumorchid4	Технологии искусственного интеллекта, в т.ч, технологии машинного обучения (machine learning)	2.75	2.7	ППТ	Группа 1, Цифровые технологии и цифровое производство
mediumorchid4	Технологии квантовых вычислений	2.882352941	2.470588235	ППТ	Группа 1, Цифровые технологии и цифровое производство
mediumorchid4	Технологии облачных вычислений (cloud computing)	2.684210526	2.684210526	ППТ	Группа 1, Цифровые технологии и цифровое производство
mediumorchid4	Технологии безопасного взаимодействия «человек - машина»	2.578947368	2.666666667	ППТ	Группа 1, Цифровые технологии и цифровое производство
mediumorchid4	Интуитивные и мультимодальные методы программирования автоматов (например, голосовой ввод, распознавание жестов, обучение посредством указания траекторий оператором)	2.368421053	2.578947368	ППТ	Группа 1, Цифровые технологии и цифровое производство
mediumorchid4	Золь-гель технологии	2.384615385	2.769230769	ППТ	Группа 2, Технологии новых материалов
mediumorchid4	Техники обработки сплавных материалов (сплавы алюминия, магния, титана и т.д.)	3	3.55	ППТ	Группа 2, Технологии новых материалов
mediumorchid4	Техники обработки композитных материалов (углеродное волокно, стекловолокно и т.д.)	3.285714286	3	ППТ	Группа 2, Технологии новых материалов
mediumorchid4	Технологии производства микромеханических компонентов (механическая микрообработка, литография, микроинъекция)	2.9375	2.5	ППТ	Группа 2, Технологии новых материалов
mediumorchid4	Использование на предприятии производственных линий, ориентированных на клиентов или продукты (вместо цеховой организации производства)	2.166666667	2.105263158	ППТ	Группа 3, Технологии организации и управления производством
mediumorchid4	Методы картирования и проектирования потока создания ценности	2.176470588	2.235294118	ППТ	Группа 3, Технологии организации и управления производством
mediumorchid4	Методы оптимизирования времени переналадки оборудования (например, быстрая смена пресс-форм, переналадка «в одно касание» и т.п.)	2.476190476	2.380952381	ППТ	Группа 3, Технологии организации и управления производством
mediumorchid4	Методы всеобщего ухода за оборудованием (в т.ч, превентивный и профилактический уход, обслуживание работниками, планы обслуживания)	2.380952381	2.619047619	ППТ	Группа 3, Технологии организации и управления производством
mediumorchid4	Методы всеобщего управления качеством (в т.ч, принцип бездефектности, стандарты Европейского фонда менеджмента качества и т.д.)	2.619047619	2.666666667	ППТ	Группа 3, Технологии организации и управления производством
mediumorchid4	Методы процесса «непрерывного улучшения» (CIP, Кайдзен, круги качества и т.д.)	2.55	2.315789474	ППТ	Группа 3, Технологии организации и управления производством
mediumorchid4	Системы «бережливого производства» (например, КАНБАН), контроля запасов	2.363636364	2.333333333	ППТ	Группа 3, Технологии организации и управления производством
chartreuse3	Технологии детоксикации воздушной и водной сред	2.691176471	2.352941176	РПП	Группа 1, Сохранение благоприятной окружающей среды и обеспечение экологической безопасности
chartreuse3	Ресурсосберегающие технологии экологически безопасной утилизации всех видов отходов и обезвреживания токсикантов, обеспечивающие соблюдение нормативов качества окружающей среды при переработке отходов 	2.972222222	2.333333333	РПП	Группа 1, Сохранение благоприятной окружающей среды и обеспечение экологической безопасности
chartreuse3	Технологии «зеленого» строительства, основанные на материалах с новыми свойствами	2.535211268	2.214285714	РПП	Группа 1, Сохранение благоприятной окружающей среды и обеспечение экологической безопасности
chartreuse3	Технологии альтернативной энергетики (ветровой, солнечной, геотермальной, основанной на энергии Мирового океана и др.)	2.246753247	2.453333333	РПП	Группа 1, Сохранение благоприятной окружающей среды и обеспечение экологической безопасности
chartreuse3	Технологии микропористых соединений, способных «поглощать» загрязняющие окружающую среду частицы размером меньше нескольких микрометров	2.514705882	2.552238806	РПП	Группа 1, Сохранение благоприятной окружающей среды и обеспечение экологической безопасности
chartreuse3	Технологии освоения подземного пространства городов	1.949152542	2.133333333	РПП	Группа 1, Сохранение благоприятной окружающей среды и обеспечение экологической безопасности
chartreuse3	Методы прогнозирования состояния сложных природно-технических, промышленных, инженерных, энергетических, транспортно-коммуникационных и гидротехнических систем	2.731343284	2.671641791	РПП	Группа 2, Мониторинг состояния окружающей среды, оценка и прогнозирование чрезвычайных ситуаций природного и техногенного характера
chartreuse3	Новые подходы к моделированию опасных геоморфологических процессов в т.ч, на основе представлений о системной организованности морфогенеза	2.241935484	2.483870968	РПП	Группа 2, Мониторинг состояния окружающей среды, оценка и прогнозирование чрезвычайных ситуаций природного и техногенного характера
chartreuse3	Новые подходы к оценке и прогнозированию устойчивости геосистем в условиях экстремальных природных и техногенных факторов 	2.430769231	2.6	РПП	Группа 2, Мониторинг состояния окружающей среды, оценка и прогнозирование чрезвычайных ситуаций природного и техногенного характера
chartreuse3	Технологии адаптации урбанизированных и производственных инфраструктур к изменяющемуся климату и трансформации окружающей среды	2.111111111	2	РПП	Группа 2, Мониторинг состояния окружающей среды, оценка и прогнозирование чрезвычайных ситуаций природного и техногенного характера
chartreuse3	Технологии дистанционного зондирования Земли и компьютерной обработки данных	2.835820896	3.253731343	РПП	Группа 2, Мониторинг состояния окружающей среды, оценка и прогнозирование чрезвычайных ситуаций природного и техногенного характера
chartreuse3	Технологии моделирования изменений границ ареалов болезней по данным полевого учета переносчиков и лабораторного определения уровня их зараженности	2.542372881	2.810344828	РПП	Группа 2, Мониторинг состояния окружающей среды, оценка и прогнозирование чрезвычайных ситуаций природного и техногенного характера
chartreuse3	Технологии оперативного выявления опасных природных и техногенных процессов на базе геоинформационных, картографических и аэрокосмических технологий 	2.686567164	3.03030303	РПП	Группа 2, Мониторинг состояния окружающей среды, оценка и прогнозирование чрезвычайных ситуаций природного и техногенного характера
chartreuse3	Технологии оценки динамики миграций и численности млекопитающих и птиц как индикаторов климатических и антропогенных изменений 	2.133333333	2.813559322	РПП	Группа 2, Мониторинг состояния окружающей среды, оценка и прогнозирование чрезвычайных ситуаций природного и техногенного характера
chartreuse3	Технологии предупреждения трансграничного негативного воздействия на окружающую среду	2.344827586	2.5	РПП	Группа 2, Мониторинг состояния окружающей среды, оценка и прогнозирование чрезвычайных ситуаций природного и техногенного характера
chartreuse3	Технологии проведения регионального мониторинга территорий в т.ч, на основе современных дистанционных и геоинформационных технологий	2.606060606	2.848484848	РПП	Группа 2, Мониторинг состояния окружающей среды, оценка и прогнозирование чрезвычайных ситуаций природного и техногенного характера
chartreuse3	Аэрогеофизические, космические и литогеохимические технологии оценки закрытых территорий и поиска «слепых» месторождений полезных ископаемых	2.775862069	2.929824561	РПП	Группа 3, Изучение недр, поиск, разведка и комплексное освоение минеральных и углеводородных ресурсов, а также техногенного сырья
chartreuse3	Геотехнологии извлечения полезных ископаемых из недр, в т.ч, с использованием роботизированных систем	2.754385965	2.350877193	РПП	Группа 3, Изучение недр, поиск, разведка и комплексное освоение минеральных и углеводородных ресурсов, а также техногенного сырья
chartreuse3	Методы анализа механизма межфазных взаимодействий при раскрытии и разделении минеральных комплексов в силовых полях 	2.480769231	2.461538462	РПП	Группа 3, Изучение недр, поиск, разведка и комплексное освоение минеральных и углеводородных ресурсов, а также техногенного сырья
chartreuse3	Методы анализа электродинамики геологических сред для оценки возможных направлений разведки 	2.5	2.8	РПП	Группа 3, Изучение недр, поиск, разведка и комплексное освоение минеральных и углеводородных ресурсов, а также техногенного сырья
chartreuse3	Перспективные технологии исследования геохимии ландшафтов	2.269230769	2.865384615	РПП	Группа 3, Изучение недр, поиск, разведка и комплексное освоение минеральных и углеводородных ресурсов, а также техногенного сырья
chartreuse3	Технологии 3D-моделирования осадочных бассейнов с определением связей осадконакопления и последующих диагенеза и катагенеза с нефте-, газо- и рудообразующими процессами	2.254545455	2.690909091	РПП	Группа 3, Изучение недр, поиск, разведка и комплексное освоение минеральных и углеводородных ресурсов, а также техногенного сырья
chartreuse3	Технологии использования нетрадиционных форм соединений благородных металлов в новых видах минерального сырья, а также редкоземельных и редких металлов	2.352941176	2.62745098	РПП	Группа 3, Изучение недр, поиск, разведка и комплексное освоение минеральных и углеводородных ресурсов, а также техногенного сырья
chartreuse3	Технологии направленного модифицирования физико-химических и технологических свойств минералов	2.365384615	2.576923077	РПП	Группа 3, Изучение недр, поиск, разведка и комплексное освоение минеральных и углеводородных ресурсов, а также техногенного сырья
chartreuse3	Технологии описания процессов системного литолого-геохимического анализа и 4D-моделирование осадочных бассейнов 	2.153846154	2.384615385	РПП	Группа 3, Изучение недр, поиск, разведка и комплексное освоение минеральных и углеводородных ресурсов, а также техногенного сырья
chartreuse3	Энергосберегающие технологии добычи и глубокой переработки минерального и техногенного сырья (твердого, жидкого, газообразного) 	2.736842105	2.596491228	РПП	Группа 3, Изучение недр, поиск, разведка и комплексное освоение минеральных и углеводородных ресурсов, а также техногенного сырья
chartreuse3	Технологии разведки и оценки ресурсов нефтяных месторождений, в т.ч, месторождений нетрадиционных видов сырья	2.872727273	3.2	РПП	Группа 3, Изучение недр, поиск, разведка и комплексное освоение минеральных и углеводородных ресурсов, а также техногенного сырья
chartreuse3	Технологии разрушения горных пород и дезинтеграции минеральных комплексов на основе сложных и комбинированных энергетических воздействий	2.346153846	2.884615385	РПП	Группа 3, Изучение недр, поиск, разведка и комплексное освоение минеральных и углеводородных ресурсов, а также техногенного сырья
chartreuse3	Высокоэффективные безопасные технологии морской разведки и добычи углеводородов в экстремальных природно-климатических условиях	2.816666667	2.711864407	РПП	Группа 4, Изучение и освоение ресурсов Мирового океана, Арктики и Антарктики
chartreuse3	Методы физико-химического анализа форм нахождения и закономерностей распределения полезных компонентов в рудных месторождениях	2.423076923	2.903846154	РПП	Группа 3, Изучение недр, поиск, разведка и комплексное освоение минеральных и углеводородных ресурсов, а также техногенного сырья
darkseagreen1	модели конфигурирования и интеллектуального управления транспортными сетями и потоками	2.718309859	2.394366197	Транспорт	0
darkseagreen1	технологии высокоточного управления с использованием системы ГЛОНАСС для транспортных средств со скоростями движения свыше 300 км/ч	2.914285714	3.14084507	Транспорт	0
darkseagreen1	технологии эксплуатации и ремонта транспортных средств в арктической и субарктической зонах	3.164383562	3.337837838	Транспорт	0
darkseagreen1	технологии высокоточной автономной посадки летательных аппаратов	2.626865672	2.808823529	Транспорт	0
darkseagreen1	исследования в области аэрогидродинамики, динамики полета, аэроакустики летательных аппаратов нетрадиционной компоновки	2.710144928	3.171428571	Транспорт	0
darkseagreen1	исследования в области альтернативных видов топлива	2.763157895	2.766233766	Транспорт	0
darkseagreen1	технологии монтажа, эксплуатации и ремонта конструкций из композиционных материалов	2.906666667	3.066666667	Транспорт	0
darkseagreen1	виртуальное проектирование, моделирование и оптимизация перспективных транспортных систем и их элементов с применением суперкомпьютерных средств эксафлопсного уровня	2.802816901	2.746478873	Транспорт	0
darkseagreen1	разработка эффективных накопителей электрической энергии с повышенной удельной емкостью, приспособленных для использования на транспортных средствах	3	2.608108108	Транспорт	0
darkseagreen1	технологии создания интеллектуальных систем безопасности, навигации, управления и информационного обеспечения высокоскоростного транспорта	2.913043478	2.753623188	Транспорт	0
darkseagreen1	технологии создания топливных элементов	2.767123288	2.743243243	Транспорт	0
darkseagreen1	системы беспроводной передачи энергии на транспортные средства	2.596774194	2.081967213	Транспорт	0
darkseagreen1	совершенствование двигателя и подвижного состава высокоскоростного транспорта	2.878787879	2.545454545	Транспорт	0
darkseagreen1	технологии автономного управления левитируемыми транспортными средствами для обеспечения высокой скорости движения	2.587301587	2.158730159	Транспорт	0
darkseagreen1	технологии создания гибридных силовых установок для транспортных средств и систем	2.693333333	2.533333333	Транспорт	0
darkseagreen1	технологии создания двигателей, работающих на газовых видах топлива, и соответствующих топливных систем	2.77027027	3.432432432	Транспорт	0
darkseagreen1	технологии создания высокоэффективных малогабаритных судовых энергетических установок, электроэнергетических и общесудовых систем, основанных на новых принципах генерации, хранения и преобразования энергии	2.745762712	2.474576271	Транспорт	0
darkseagreen1	технологии создания систем обеспечения эксплуатационной безопасности судов, в том числе судового радиоэлектронного оборудования нового поколения, на основе нанотехнологий	2.627118644	3.033898305	Транспорт	0
darkseagreen1	модели транспортных средств индивидуального пользования пассажирского назначения, совмещающих функции летательного аппарата с вертикальным взлетом и городского смарт-кара	2.013888889	1.97260274	Транспорт	0
chocolate1	Технологии разведки месторождений углеводородов в формате 4D с высоким разрешением и визуализацией результатов	2.125	2.125	Энергетика	Группа 1, Эффективная разведка и добыча ископаемых топлив
chocolate1	Программное обеспечение для сбора и анализа больших массивов информации геологоразведки с использованием суперкомпьютеров	2.333333333	2	Энергетика	Группа 1, Эффективная разведка и добыча ископаемых топлив
chocolate1	Новые вторичные и третичные методы интенсификации извлечения углеводородного сырья, в том числе высокой вязкости	2.083333333	2.083333333	Энергетика	Группа 1, Эффективная разведка и добыча ископаемых топлив
chocolate1	Технологии добычи углеводородного сырья из нетрадиционных месторождений (газовые гидраты и др.) и для аномальных условий (плотные формации, аномально высокие давления, низкая объемная плотность ресурсов и др.)	1.25	1.666666667	Энергетика	Группа 1, Эффективная разведка и добыча ископаемых топлив
chocolate1	Бассейновое моделирование	1.875	2	Энергетика	Группа 1, Эффективная разведка и добыча ископаемых топлив
chocolate1	Технологии бурения для добычи углеводородного сырья 	2.888888889	3.111111111	Энергетика	Группа 1, Эффективная разведка и добыча ископаемых топлив
chocolate1	Технологии добычи и обогащения урана	2.857142857	3.285714286	Энергетика	Группа 1, Эффективная разведка и добыча ископаемых топлив
chocolate1	Теплоэнергетические установки на природном газе со сложными термодинамическими циклами и высокими начальными параметрами рабочего тела 	2.857142857	2.538461538	Энергетика	Группа 2, Эффективная экологически чистая теплоэнергетика
chocolate1	Газотурбинные установки большой мощности с высокими маневренными свойствами и минимальным уровнем образования вредных веществ 	3	2.6	Энергетика	Группа 2, Эффективная экологически чистая теплоэнергетика
chocolate1	Новые высокоэффективные и надежные технологии газификации твердого топлива 	2.5	2.833333333	Энергетика	Группа 2, Эффективная экологически чистая теплоэнергетика
chocolate1	Новые теплоэнергетические установки с низкотемпературным циклом, оптимизацией их технологических схем и параметров 	2.615384615	2.692307692	Энергетика	Группа 2, Эффективная экологически чистая теплоэнергетика
chocolate1	Экологически безопасные технологии сжигания горючих отходов, включая бытовые, в том числе по многоступенчатой схеме с предварительной газификацией, в частности плазменной	3.076923077	2.692307692	Энергетика	Группа 2, Эффективная экологически чистая теплоэнергетика
chocolate1	Новые технологии очистки воды и стоков для применения в перспективных энергоустановках	3	2.846153846	Энергетика	Группа 2, Эффективная экологически чистая теплоэнергетика
chocolate1	Технологии и оборудование для водо-водяных энергетических реакторов четвертого поколения повышенной безопасности и эффективности, способных функционировать в маневренном режиме	3.1	3.9	Энергетика	Группа 3, Эффективная безопасная атомная энергетика
chocolate1	Технологии и оборудование для реакторов на быстрых нейтронах различного типа повышенной безопасности	3.1	4.1	Энергетика	Группа 3, Эффективная безопасная атомная энергетика
chocolate1	Технологии замкнутого ядерного топливного цикла 	3.090909091	3.454545455	Энергетика	Группа 3, Эффективная безопасная атомная энергетика
chocolate1	Технологии для безопасных и экономически эффективных ядерных реакторов малой и средней мощности и атомных электростанций на их основе, включая транспортабельные и плавучие АЭС	2.818181818	3.636363636	Энергетика	Группа 3, Эффективная безопасная атомная энергетика
chocolate1	Технологии переработки облученного ядерного топлива («сухой» переработки, фракционирования и др.), совершенствование технологии его «мокрой» переработки, создание безопасной системы обращения с радиоактивными отходами 	2.9	3.6	Энергетика	Группа 3, Эффективная безопасная атомная энергетика
chocolate1	Оптимизационные модели ядерно-энергетического комплекса страны и соответствующие математические методы	2.909090909	3.4	Энергетика	Группа 3, Эффективная безопасная атомная энергетика
chocolate1	Технологии надежного ведения управляемого термоядерного синтеза в реакторе промышленного масштаба	2.454545455	3.2	Энергетика	Группа 3, Эффективная безопасная атомная энергетика
chocolate1	Теплоэнергетические установки на базе прямого солнечного излучения, перспективные рабочие тела, оптимизированные тепловые схемы и параметры солнечной электростанции	1.444444444	2.277777778	Энергетика	Группа 4, Эффективное использование возобновляемых видов энергии
chocolate1	Технологии для морской ветроэнергетики, обеспечивающие длительную и надежную работу установок на больших глубинах и вдали от берега 	1.75	1.875	Энергетика	Группа 4, Эффективное использование возобновляемых видов энергии
chocolate1	Системы оптимального автоматического управления режимами работы ветряных электростанций 	1.941176471	2.3125	Энергетика	Группа 4, Эффективное использование возобновляемых видов энергии
chocolate1	Высокоэффективные технологии преобразования механической энергии водного потока в электрическую	2.5	3.277777778	Энергетика	Группа 4, Эффективное использование возобновляемых видов энергии
chocolate1	Технологии мониторинга состояния генерирующего оборудования гидроэлектростанций и гидротехнических сооружений	2.9375	2.8	Энергетика	Группа 4, Эффективное использование возобновляемых видов энергии
chocolate1	Технологии преобразования энергии приливов в электрическую с минимальным воздействием на окружающую среду 	1.066666667	2.066666667	Энергетика	Группа 4, Эффективное использование возобновляемых видов энергии
chocolate1	Технологии преобразования энергии волн в электрическую	1.0625	1.9375	Энергетика	Группа 4, Эффективное использование возобновляемых видов энергии
chocolate1	Бинарные технологии использования геотермальной энергии	1.4375	2.5	Энергетика	Группа 4, Эффективное использование возобновляемых видов энергии
chocolate1	Эффективные технологии отбора тепла от сухих горных пород с больших глубин и транспортировки его на поверхность с минимальными потерями и низким гидравлическим сопротивлением 	0.846153846	1.923076923	Энергетика	Группа 4, Эффективное использование возобновляемых видов энергии
chocolate1	Экономически эффективные технологий бурения горных пород на большие глубины и увеличения их проницаемости для теплоносителя	1.333333333	2.333333333	Энергетика	Группа 4, Эффективное использование возобновляемых видов энергии
chocolate1	Технологии выращивания аквакультур с высоким выходом биомассы; создание высокоэффективных микроорганизмов	1.7	2.4	Энергетика	Группа 5, Перспективная биоэнергетика
chocolate1	Технологии производства биомассы на основе искусственного фотосинтеза	1.5	2.3	Энергетика	Группа 5, Перспективная биоэнергетика
chocolate1	Разработка эффективных технологий биохимического производства биогаза из растительного сырья различного происхождения с использованием достижений биоинженерии, включая создание высокоэффективных микроорганизмов	2	2.583333333	Энергетика	Группа 5, Перспективная биоэнергетика
chocolate1	Технологии производства жидких моторных топлив, включая авиакеросин, и их компонентов из растительного сырья 	2.1	2.8	Энергетика	Группа 5, Перспективная биоэнергетика
chocolate1	Технологии переработки биомассы с производством химических продуктов с высокой добавленной стоимостью (биопластиков и др.) 	2.3	2.5	Энергетика	Группа 5, Перспективная биоэнергетика
chocolate1	Технологии переработки биомассы в высококачественные твердые топлива	1.916666667	2.416666667	Энергетика	Группа 5, Перспективная биоэнергетика
chocolate1	Экологически безопасные технологии газификации биомассы для электрогенерации 	2.076923077	2.461538462	Энергетика	Группа 5, Перспективная биоэнергетика
chocolate1	Биохимические методы производства высококачественных моторных топлив из СО2 без использования процесса фотосинтеза	1.666666667	1.777777778	Энергетика	Группа 5, Перспективная биоэнергетика
chocolate1	Технологии, обеспечивающие достижение предельных значений глубины переработки углеводородного сырья при высоком качестве получаемых продуктов	2.928571429	2.571428571	Энергетика	Группа 6, Глубокая переработка углеродосодержащего сырья
chocolate1	Технологии производства оборудования для переработки попутного газа, характеризующегося надежностью, компактностью, а также высоким уровнем автоматизации, для использования в отдаленных районах с суровыми климатическими условиями 	2.75	2.933333333	Энергетика	Группа 6, Глубокая переработка углеродосодержащего сырья
chocolate1	Технологии производства высококачественных моторного горючего из природного газа 	2.176470588	2.875	Энергетика	Группа 6, Глубокая переработка углеродосодержащего сырья
chocolate1	Технологии производства химических продуктов (полимеров и т.д.) из природного газа	2.733333333	3.214285714	Энергетика	Группа 6, Глубокая переработка углеродосодержащего сырья
chocolate1	Технологии газификации твердого горючего с производством синтез-газа 	2.571428571	3.076923077	Энергетика	Группа 6, Глубокая переработка углеродосодержащего сырья
chocolate1	Технологий производства широкого спектра продуктов из синтез-газа 	2.533333333	2.785714286	Энергетика	Группа 6, Глубокая переработка углеродосодержащего сырья
chocolate1	Технологии гидрогенизации и пиролиза твердого горючего, выбор оптимальных параметров и конструкций основного оборудования 	2.2	2.9	Энергетика	Группа 6, Глубокая переработка углеродосодержащего сырья
chocolate1	Технологии повышения комплексности использования потенциала твердого горючего за счет извлечения из минеральной части ценных компонентов и утилизации золы	2.454545455	2.545454545	Энергетика	Группа 6, Глубокая переработка углеродосодержащего сырья
chocolate1	Технологии производства электрохимических аккумуляторов большой емкости и мощности, повышенной безопасности, с большим количеством циклов «заряд/разряд» и малыми потерями энергии во время хранения	2.733333333	2.428571429	Энергетика	Группа 7, Эффективное аккумулирование электрической и тепловой энергии
chocolate1	Технологии производства высокоэффективных суперконденсаторов	2.5625	2.533333333	Энергетика	Группа 7, Эффективное аккумулирование электрической и тепловой энергии
chocolate1	Технологии механических (кинетических) накопителей электро­энергии 	1.615384615	2.307692308	Энергетика	Группа 7, Эффективное аккумулирование электрической и тепловой энергии
chocolate1	Технологии аккумулирования электро­энергии на базе воздухоаккумулирующих установок, в том числе с использованием адиабатных компрессоров	1.5	2	Энергетика	Группа 7, Эффективное аккумулирование электрической и тепловой энергии
chocolate1	Технологии для производства сверхпроводящих индуктивных накопителей электро­энергии	1.769230769	2.307692308	Энергетика	Группа 7, Эффективное аккумулирование электрической и тепловой энергии
chocolate1	Криогенные технологии для эффективного аккумулирования электроэнергии 	1.666666667	1.833333333	Энергетика	Группа 7, Эффективное аккумулирование электрической и тепловой энергии
chocolate1	Жидкостные системы аккумулирования тепловой энергии	2.416666667	2.333333333	Энергетика	Группа 7, Эффективное аккумулирование электрической и тепловой энергии
chocolate1	Твердотельные аккумуляторы тепловой энергии 	2.090909091	2	Энергетика	Группа 7, Эффективное аккумулирование электрической и тепловой энергии
chocolate1	Системы аккумулирования тепловой энергии на основе фазовых переходов	1.818181818	1.909090909	Энергетика	Группа 7, Эффективное аккумулирование электрической и тепловой энергии
chocolate1	Технологии термохимического разложения воды, в том числе с использованием тепла высокотемпературных ядерных реакторов	2.166666667	2.916666667	Энергетика	Группа 8, Водородная энергетика
chocolate1	Высокоэффективные технологии крупномасштабного получения водорода на основе органических топлив	2	2.615384615	Энергетика	Группа 8, Водородная энергетика
chocolate1	Технологии эффективного преобразования органических топлив в водород в составе энергоустановок с топливными элементами 	1.916666667	2.666666667	Энергетика	Группа 8, Водородная энергетика
chocolate1	Технологии получения водорода путем фотохимического разложения воды	1.8	2.222222222	Энергетика	Группа 8, Водородная энергетика
chocolate1	Технологии безопасного хранения газообразного водорода под высоким давлением	2.333333333	2.727272727	Энергетика	Группа 8, Водородная энергетика
chocolate1	Криогенные технологии хранения водорода в жидком состоянии	1.444444444	2.625	Энергетика	Группа 8, Водородная энергетика
chocolate1	Технологий хранения водорода в связанном состоянии	2.1	2.375	Энергетика	Группа 8, Водородная энергетика
chocolate1	Технологии для стационарных энергоустановок на водороде с высоким уровнем энергоэффективности и безопасности	2	2.625	Энергетика	Группа 8, Водородная энергетика
chocolate1	Технологии использования водорода для покрытия пиковых электрических нагрузок	1.8	2.666666667	Энергетика	Группа 8, Водородная энергетика
chocolate1	Технологий безопасного и эффективного использования водорода в энергоустановках мобильных устройств	2.25	2.571428571	Энергетика	Группа 8, Водородная энергетика
chocolate1	Алюмоводородная энергетика	1.625	2.571428571	Энергетика	Группа 8, Водородная энергетика
chocolate1	Технологии для высокоэффективной передачи электроэнергии на дальние расстояния на постоянном токе	2.571428571	2.857142857	Энергетика	Группа 9, Эффективная транспортировка горючего и энергии
chocolate1	Технологий для передачи электро­энергии на основе высокотемпературной сверхпроводимости	2.285714286	2.785714286	Энергетика	Группа 9, Эффективная транспортировка горючего и энергии
chocolate1	Принципиально новые технологии передачи электро­энергии на дальние расстояния 	2.230769231	2.076923077	Энергетика	Группа 9, Эффективная транспортировка горючего и энергии
chocolate1	Технологии безопасной транспортировки газообразного водорода на большие расстояния	1.571428571	2.230769231	Энергетика	Группа 9, Эффективная транспортировка горючего и энергии
chocolate1	Технологий безопасной транспортировки жидкого водорода на большие расстояния	1.5	2.307692308	Энергетика	Группа 9, Эффективная транспортировка горючего и энергии
chocolate1	Транспортировка нефти и газа при помощи трубопроводного транспорта	3.235294118	3.875	Энергетика	Группа 9, Эффективная транспортировка горючего и энергии
chocolate1	Технологии для интеллектуальных систем электро-, тепло- и газоснабжения со сложными режимами функционирования и активными потребителями	3	2.6	Энергетика	Группа 10, Интеллектуальные энергетические системы будущего
chocolate1	Технологии для эффективной интеграции средств распределенной электрогенерации, с целью сокращения необходимых резервов мощности (пикового, системного), обеспечения требуемого уровня надежности электроснабжения и качества электроэнергии	2.8	2.6	Энергетика	Группа 10, Интеллектуальные энергетические системы будущего
chocolate1	Интеллектуальные технологии и средства мониторинга и диагностики состояния оборудования в энергетических системах	2.923076923	2.642857143	Энергетика	Группа 10, Интеллектуальные энергетические системы будущего
chocolate1	Технологии, методы и средства автоматического управления оборудованием и режимами работы сложных энергетических систем, интеллектуальных систем и технических средств диспетчеризации	2.923076923	2.785714286	Энергетика	Группа 10, Интеллектуальные энергетические системы будущего
chocolate1	Методы оптимизации нормальных и аварийных режимов в сложных энергетических системах, возможных аварий на различных энергетических объектах и оценки последствий кризисных и чрезвычайных ситуаций в энергетической инфраструктуре	3	3.142857143	Энергетика	Группа 10, Интеллектуальные энергетические системы будущего
chocolate1	Компьютерные системы оптимизации гидравлических и тепловых режимов сложных тепловых сетей	2.615384615	2.846153846	Энергетика	Группа 10, Интеллектуальные энергетические системы будущего
chocolate1	Технологии автоматического управления конечным электропотреблением по экономическому критерию в режиме реального времени на основе интеграции электрических и информационных сетей; разработка концепции Энергетического Интернета (EnerNet)	2.833333333	2.333333333	Энергетика	Группа 10, Интеллектуальные энергетические системы будущего
chocolate1	Технологии управления рисками и обеспечения надежности и безопасности функционирования интеллектуальных энергетических систем и объектов в условиях критических и чрезвычайных ситуаций	3	2.692307692	Энергетика	Группа 10, Интеллектуальные энергетические системы будущего
chocolate1	Технологии для производства интеллектуальных силовых полупроводниковых приборов нового поколения для применения в энергетике 	2.833333333	2.545454545	Энергетика	Группа 10, Интеллектуальные энергетические системы будущего
chocolate1	Технологии для высокочувствительных измерительных приборов, включая датчики температуры, давления и расхода	3.166666667	3.272727273	Энергетика	Группа 10, Интеллектуальные энергетические системы будущего
chocolate1	Измерительные приборы для мониторинга состояния генерирующего оборудования гидроэлектростанций и гидротехнических сооружений	3.166666667	3.090909091	Энергетика	Группа 10, Интеллектуальные энергетические системы будущего
chocolate1	Технологии для производства микропроцессорной техники для применения в интеллектуальных энергетических системах и приборах, системах автоматического регулирования электро-, тепло- и газопотребления	3.153846154	2.5	Энергетика	Группа 10, Интеллектуальные энергетические системы будущего
chocolate1	Технологии и программно-аппаратные средства дистанционного управления бытовыми приборами с использованием мобильной связи и информационной сети Интернет	2.428571429	2.5	Энергетика	Группа 10, Интеллектуальные энергетические системы будущего
chocolate1	Технологии минимизации образования отходов производства и максимизации объемов их рекуперации 	2.916666667	2.25	Энергетика	Группа 11, Эффективное потребление энергии
chocolate1	Технологии проектирования и строительства зданий с минимальным потреблением энергии	2.923076923	2.428571429	Энергетика	Группа 11, Эффективное потребление энергии
chocolate1	Технологии производства новых типов ограждающих конструкций, включая светопрозрачные, с предельно высокими теплозащитными характеристиками	2.666666667	2.3	Энергетика	Группа 11, Эффективное потребление энергии
chocolate1	Вакуумные технологии для теплоизоляции	2.222222222	2.4	Энергетика	Группа 11, Эффективное потребление энергии
chocolate1	Технологии рекуперации тепла вентиляционных выбросов с высокой энергетической эффективностью и эксплуатационными свойствами 	2.272727273	2.090909091	Энергетика	Группа 11, Эффективное потребление энергии
chocolate1	Технологии снижения гидравлического сопротивления трубопроводных систем зданий, коррозии и образования накипи во внутридомовых трубопроводах и способов их очистки	2.5	2.75	Энергетика	Группа 11, Эффективное потребление энергии
chocolate1	Технологии для новых типов электродвигателей, в том числе на основе сверхпроводящих материалов 	2.333333333	2.416666667	Энергетика	Группа 11, Эффективное потребление энергии
chocolate1	Технологии для высокоэффективных трансформаторов и коммутационного электрооборудования 	2.75	2.916666667	Энергетика	Группа 11, Эффективное потребление энергии
chocolate1	Технологии для высокоэффективных систем освещения и средств управления режимами освещения, в том числе с использованием датчиков освещенности и движения	2.928571429	3.142857143	Энергетика	Группа 11, Эффективное потребление энергии
chocolate1	Технологии для интеллектуальных систем управления энергопотреблением технологических процессов	2.692307692	2.461538462	Энергетика	Группа 11, Эффективное потребление энергии
chocolate1	Технологии для интеллектуальных систем комплексного управления энергопотреблением зданий с учетом реальных климатических условий	2.727272727	2.454545455	Энергетика	Группа 11, Эффективное потребление энергии
chocolate1	Технологии интенсификации процессов тепло- и массообмена в энергетических и энергопотребляющих установках в целях энергосбережения	2.666666667	2.818181818	Энергетика	Группа 11, Эффективное потребление энергии
chocolate1	Оптимизация управления энергопотоков	2.625	3	Энергетика	Группа 11, Эффективное потребление энергии
chocolate1	Технологии термодинамического моделирования процессов превращения вещества и энергии в многокомпонентных системах, в том числе с внешними воздействиями и в экстремальных условиях 	2.666666667	2.875	Энергетика	Группа 12, Моделирование перспективных энергетических технологий и систем
chocolate1	Технологии кинетического моделирования химических процессов в энергоустановках, в том числе быстропротекающих	2.444444444	2.75	Энергетика	Группа 12, Моделирование перспективных энергетических технологий и систем
chocolate1	Технологии моделирования процессов тепло- и массообмена в целях создания перспективных энергетических установок	3	3.375	Энергетика	Группа 12, Моделирование перспективных энергетических технологий и систем
chocolate1	Методы и средства прогнозирования научно-технического прогресса в энергетике и учета мультипликативных эффектов при оценке долгосрочных перспектив развития энергетических технологий	2.692307692	3.076923077	Энергетика	Группа 12, Моделирование перспективных энергетических технологий и систем
chocolate1	Новые материалы и покрытия для лопастей ветродвигателей и технологии их обработки и применения	2.272727273	2.333333333	Энергетика	Группа 13, Новые материалы и катализаторы для энергетики будущего
chocolate1	Новые материалы и покрытия с высокой поглощательной способностью и большим ресурсом работы для изготовления солнечных коллекторов	2.333333333	2.363636364	Энергетика	Группа 13, Новые материалы и катализаторы для энергетики будущего
chocolate1	Новые покрытия с высокой отражательной способностью и большим ресурсом работы для изготовления концентраторов солнечного излучения	2.090909091	2.333333333	Энергетика	Группа 13, Новые материалы и катализаторы для энергетики будущего
chocolate1	Новые жаропрочные материалы для работы под высоким давлением в запыленной высокотемпературной газовой среде, обеспечивающие создание теплоэнергетических установок с ультравысокими параметрами пара, использующих твердое топливо 	2.153846154	2.333333333	Энергетика	Группа 13, Новые материалы и катализаторы для энергетики будущего
chocolate1	Новые материалы с высокой радиационной стойкостью, способные длительно функционировать в активной зоне ядерных реакторов и обеспечивающие ресурс надежной и безопасной эксплуатации АЭС не менее 60 лет 	2.8	3.333333333	Энергетика	Группа 13, Новые материалы и катализаторы для энергетики будущего
chocolate1	Новые материалы, способные длительно функционировать в активной зоне высокотемпературного газоохлаждаемого реактора 	2.454545455	2.777777778	Энергетика	Группа 13, Новые материалы и катализаторы для энергетики будущего
chocolate1	Новые материалы для термоядерных реакторов	2.3	2.625	Энергетика	Группа 13, Новые материалы и катализаторы для энергетики будущего
chocolate1	Новые токопроводящие и электроизоляционные материалы с высокими эксплуатационными свойствами для перспективных электроэнергетических систем и электро­оборудования	2.666666667	2.666666667	Энергетика	Группа 13, Новые материалы и катализаторы для энергетики будущего
chocolate1	Сверхпроводящие материалы, пригодные для применения в электроэнергетике в промышленных масштабах 	2.642857143	2.923076923	Энергетика	Группа 13, Новые материалы и катализаторы для энергетики будущего
chocolate1	Новые материалы для фотопреобразователей	2.333333333	2.272727273	Энергетика	Группа 13, Новые материалы и катализаторы для энергетики будущего
chocolate1	Новые теплозащитные и теплоизоляционные материалы с высоким термическим сопротивлением и улучшенными эксплуатационными характеристиками для использования в перспективных энергоустановках и в целях энергосбережения	3.066666667	2.785714286	Энергетика	Группа 13, Новые материалы и катализаторы для энергетики будущего
chocolate1	Новые функциональные покрытия с низкой адгезией к солям жесткости, малой шероховатостью и высокими антикоррозионными свойствами для увеличения срока службы тепловых сетей и снижения их гидравлического сопротивления	3.071428571	2.666666667	Энергетика	Группа 13, Новые материалы и катализаторы для энергетики будущего
chocolate1	Новые мембранные материалы с контролируемым размером пор для перспективных процессов разделения газов и жидкостей 	3	2.882352941	Энергетика	Группа 13, Новые материалы и катализаторы для энергетики будущего
chocolate1	Новые мембранные материалы и проводящие структуры для электрохимических генераторов и аккумуляторов	2.642857143	2.727272727	Энергетика	Группа 13, Новые материалы и катализаторы для энергетики будущего
chocolate1	Новые катализаторы, характеризующиеся высокой селективностью, долговечностью и приемлемой стоимостью, для увеличения глубины переработки углеводородного сырья и повышения качества производимых моторных топлив 	3	3	Энергетика	Группа 13, Новые материалы и катализаторы для энергетики будущего
chocolate1	Новые типы катализаторов для производства моторных топлив и широкого спектра химических продуктов на основе синтез-газа	2.555555556	2.8125	Энергетика	Группа 13, Новые материалы и катализаторы для энергетики будущего
chocolate1	Технологии и программно-аппаратные средства дистанционного управления производственными процессами и оборудованием	2.416666667	2.333333333	Энергетика	Группа 11, Эффективное потребление энергии
chocolate1	Новые конструкционные материалы и покрытия (термобарьерные, антиэрозионные, противокоррозионные)	3	2.636363636	Энергетика	Группа 13, Новые материалы и катализаторы для энергетики будущего
